{
  "servicePlacementResults": {
    "totalResponseTime": 237.18489188678763,
    "platformReliability": 0.9006201208128506,
    "serviceReliability": 0.9735937382557833,
    "reconfigurationCost": 22123.40475228813,
    "placementCost": -0.44600551291339025,
    "loadTier1": 0.26666666666666666,
    "loadTier2": 0.28888888888888886,
    "loadTier3": 0.25555555555555554,
    "loadTierHelper": 0.18888888888888888,
    "loadTierUser": 0
  }
}